rec_id,citation,ref_id
1,"Bright and Ramp (1965, p. 56)",6
2,"Oregon Department of Geology and Mineral Industries (1939, p. 99)",18
3,"Ferns and Ramp (1988, p. 22)",10
4,"Ferns and Ramp (1988, p. 21-23)",10
5,"Ferns and Ramp (1988, p. 21-22)",10
6,"Ferns and Ramp (1988, p. 21-22)",10
7,"Moore (1937, p. 10-17)",16
7,"Bright and Ramp (1965, p. 57)",6
8,"Ferns and Ramp (1988, p. 26)",10
9,"Gilluly (1937, p. 114)",11
10,"Ferns and Ramp (1988, p. 36)",10
11,"Bright and Ramp (1965, p. 56-57)",6
12,"Bright and Ramp (1965, p. 53)",6
13,"Allen (1938, p. 55-56)",1
14,"Wagner (1963)",26
14,"Bright and Ramp (1965, p. 53)",6
15,"Bright and Ramp (1965, p. 53-56)",6
16,"Peterson and Ramp (1978)",23
16,"Ferns and Ramp (1988, p. 27-28)",10
17,"Bright and Ramp (1965, p. 52)",6
18,"Oregon Department of Geology and Mineral Industries (1943, p. 85-86)",19
18,"Bright and Ramp (1965, p. 52)",6
18,"Page and others (1977)",20
19,"Bright and Ramp (1965, p. 50-52)",6
19,"Ramp and Peterson (1979, p. 39)",24
20,"Ferns and Ramp (1988, p. 28-29)",10
21,"Bright and Ramp (1965, p. 52)",6
21,"Ramp and Peterson (1979, p. 39)",24
22,"Bright and Ramp (1965, p. 56)",6
23,"Valentine (1960, p. 8)",25
24,"Valentine (1960, p. 7)",25
25,"Glover (1936, p. 14)",12
25,"Valentine (1960, p. 7)",25
26,"Valentine (1960, p. 7)",25
27,"Valentine (1960, p. 7)",25
28,"Valentine (1960, p. 7)",25
29,"Valentine (1960, p. 7)",25
30,"Valentine (1960, p. 7)",25
31,"Valentine (1960, p. 7)",25
32,"Valentine (1960, p. 7)",25
33,"Glover (1936, p. 14)",12
33,"Huntting (1943, p. 50, 57)",13
33,"Valentine (1960, p. 7)",25
34,"Valentine (1960, p. 7)",25
35,"Valentine (1960, p. 8)",25
35,"Muessig (1967, p. 112)",17
36,"Glover (1936, p. 14)",12
36,"Valentine (1960, p. 8)",25
37,"Patty and Glover (1921, p. 107-108)",22
37,"Glover (1936, p. 14)",12
37,"Valentine (1960, p. 8)",25
38,"Glover (1936, p. 14-15)",12
38,"Valentine (1960, p. 14)",25
39,"Valentine (1960, p. 8)",25
40,"Park and Cannon (1943, p. 59, 65)",21
40,"Valentine (1960, p. 8, 41)",25
41,"Engineering and Mining Journal (1891, 1896)",8
41,"Glover (1936, p. 15)",12
41,"Valentine (1960, p. 7)",25
42,"Glover (1936, p. 15)",12
42,"Valentine (1960, p. 7)",25
43,"Valentine (1960, p. 7)",25
44,"Valentine (1960, p. 15)",25
45,"Valentine (1960, p. 7)",25
46,"Valentine (1960, p. 7)",25
46,"Johnson and others (1983, p. 23)",14
47,"Valentine (1960, p. 7)",25
48,"Weaver (1920, p. 90-91)",27
48,"Valentine (1960, p. 8)",25
49,"Valentine (1960, p. 7)",25
49,"Moen (1969, p. 35)",15
50,"Moen (1969, p. 35)",15
51,"Bayer and Linneman (2006)",2
51,"Wroble (2009)",28
52,"Davis (1950, p. 285)",87
52,"Wiebelt and Smith (1959, p. 11)",181
53,"Carlson and Clark (1954, p. 203)",62
53,"Wiebelt and Smith (1959, p. 12)",181
54,"Carlson and Clark (1954, p. 203)",62
54,"Wiebelt and Smith (1959, p. 11)",181
55,"Aubury (1906,  p. 261-262)",44
56,"Aubury (1906,  p. 261-262)",44
57,"Aubury (1906,  p. 261-262)",44
58,"Aubury (1906,  p. 261-262)",44
59,"Aubury (1906,  p. 261-262)",44
60,"O'Brien (1949, p. 421)",147
60,"Wiebelt and Smith (1959, p. 12)",181
61,"Rice (1957, p. 53)",159
61,"Rice (1963, p. 4)",160
61,"Wiebelt and Smith (1959, p. 12-14)",181
61,"Argall (1962)",43
61,"Clark and Lydon (1962, p. 20)",76
61,"Huttl (1962)",107
61,"Merritt (1962)",138
61,"Leney and Loeb (1972)",116
61,"Woodmansee (1973, p. 137-138)",184
61,"Ross and Nolan (2003, p. 464-465)",161
62,"Clark and Lydon (1962, p. 129)",76
63,"Wiebelt and Smith (1959, p. 14)",181
63,"Clark and Lydon (1962, p. 20-21)",76
63,"Clark and others (1963)",77
64,"Clark (1954, p. 17)",74
64,"Wiebelt and Smith (1959, p. 14-15)",181
65,"Logan and Franke (1936, p. 227)",128
65,"Wiebelt and Smith (1959, p. 14)",181
66,"Clark (1954, p. 17)",74
66,"Wiebelt and Smith (1959, p. 15)",181
67,"Cater (1948, p. 50-51)",66
68,"Pemberton (1983, p. 403)",156
69,"Barnes and others (1973, p. 6)",54
70,"Barnes and others (1973, p. 7)",54
71,"Barnes and others (1973, p. 7)",54
72,"Pampeyan (1963, p. 22, 28, plate 1)",153
73,"Pampeyan (1963, p. 22, 28, plate 1)",153
74,"Pampeyan (1963, p. 21, 28, plate 1)",153
75,"Pampeyan (1963, p. 21, 28, plate 1)",153
76,"Davis and Goldman (1958, p. 507-508, 513)",90
77,"Cornelius (1986, p. 197)",82
78,"Case and others (2011, p. 18)",63
79,"Meeker and others (2006)",136
80,"Meeker and others (2006)",136
81,"Meeker and others (2006)",136
82,"Meeker and others (2006)",136
83,"Meeker and others (2006)",136
84,"Aubury (1908, p. 214-216)",45
84,"Logan (1938, p. 207)",122
84,"Clark and Carlson (1956, p. 441, 479)",75
84,"Wiebelt and Smith (1959, p. 15)",181
85,"Logan (1938, p. 207)",122
85,"Clark and Carlson (1956, p. 441, 569-570)",75
85,"Wiebelt and Smith (1959, p. 15)",181
86,"Jones (1988)",109
87,"Logan and others (1951, p. 493)",127
88,"Matthews (1961)",133
89,"Munro and Reim (1962)",141
89,"Rice (1963, p. 5-6)",160
89,"Key (1966, p. 20)",111
89,"Mumpton and Thompson (1975)",140
89,"Southern Pacific Company (1987b, p. 18, 20)",169
89,"Ross and Nolan (2003, p. 456-457, 462)",161
90,"Merritt (1962, p. 58-60)",138
90,"Rice (1963, p. 5-6)",160
90,"Mumpton and Thompson (1975)",140
90,"Southern Pacific Company (1987b, p. 20)",169
90,"Ross and Nolan (2003, p. 456-457, 462)",161
91,"Anderson and Pack (1915, p. 83-84)",30
91,"Davis (1963, p. 5)",88
91,"Southern Pacific Company (1987b, p. 20)",169
92,"Laizure (1929, p. 306)",113
93,"Southern Pacific Company (1987b, p. 20)",169
94,"Southern Pacific Company (1987b, p. 20)",169
95,"Southern Pacific Company (1987b, p. 20)",169
96,"Southern Pacific Company (1987b, p. 20)",169
97,"Southern Pacific Company (1987b, p. 20)",169
98,"Southern Pacific Company (1987b, p. 20)",169
99,"Southern Pacific Company (1987b, p. 20)",169
100,"Southern Pacific Company (1987b, p. 20)",169
101,"Southern Pacific Company (1987b, p. 20)",169
102,"Southern Pacific Company (1987b, p. 20)",169
103,"Southern Pacific Company (1987b, p. 20)",169
104,"Southern Pacific Company (1987b, p. 20)",169
105,"Southern Pacific Company (1987b, p. 20)",169
106,"Southern Pacific Company (1987b, p. 20)",169
107,"Southern Pacific Company (1987b, p. 20)",169
108,"Southern Pacific Company (1987b, p. 20)",169
109,"Southern Pacific Company (1987b, p. 20)",169
110,"Southern Pacific Company (1987b, p. 20)",169
111,"Southern Pacific Company (1987b, p. 20)",169
112,"Southern Pacific Company (1987b, p. 20)",169
113,"Barnes and others (1973, p. 6)",54
114,"Barnes and others (1973, p. 6)",54
115,"Morton (1977, p. 80)",139
115,"Pemberton (1983, p. 422)",156
116,"Hall and MacKevett (1962, p. 77-78)",104
116,"Pemberton (1983, p. 422)",156
117,"Norman and Stewart (1951, p. 98, 203, plate 1)",143
117,"Bowles (1955, p. 25)",5
117,"Chidester and Shride (1962, p. 4)",73
118,"Bowles (1955, p. 21)",5
118,"Rice (1957, p. 54)",159
118,"Fife (1980, 1984)",97
118,"Anonymous (2011d)",35
119,"Norman and Stewart (1951, p. 98, 203)",143
119,"McAllister (1952, p. 35-36)",134
120,"Tucker (1929, p. 63)",171
120,"Tucker and others (1949, p. 276)",175
121,"Brown (1915, p. 476)",61
121,"Troxel and Morton (1962, p. 59-60)",170
122,"Southern Pacific Company (1987b, p. 19-20)",169
123,"Southern Pacific Company (1987b, p. 19-20)",169
124,"Southern Pacific Company (1987b, p. 19-20)",169
125,"Barnes and others (1973, p. 8)",54
126,"Brice (1953, p. 60-61)",60
127,"Averill (1947a, p. 17)",49
127,"Brice (1953, p. 60, plate 2)",60
127,"Rice (1957, p. 53)",159
127,"Wiebelt and Smith (1959, p. 15-16)",181
128,"Brice (1953, p. 60)",60
129,"Barnes and others (1973, p. 9)",54
130,"Barnes and others (1973, p. 7)",54
131,"McNitt (1968)",135
132,"McNitt (1968)",135
133,"McNitt (1968)",135
134,"McNitt (1968)",135
135,"Barnes and others (1973, p. 9)",54
136,"McNitt (1968)",135
137,"McNitt (1968)",135
138,"Bailey (1941, p. 56, 75)",52
139,"Gay and Hoffman (1954, p. 505, 650)",100
139,"Oakeshott (1958, p. 110)",144
140,"Gay and Hoffman (1954, p. 561-562)",100
141,"Sharp (1959, p. 59, 94)",165
142,"Sharp (1959, p. 70-71, 96)",165
143,"Sharp (1959, p. 62, 95)",165
144,"Logan (1950, p. 450)",126
145,"Logan (1950, p. 450)",126
146,"Logan (1950, p. 450)",126
147,"Schlocker (1974, p. 58-61)",163
148,"Schlocker (1974, p. 58-61)",163
149,"Bailey and Harden (1975)",53
150,"Chesterman (1976b, p. 22)",72
151,"Pelletier (1962, p. 5)",155
152,"Pelletier (1962, p. 11)",155
153,"Bowen and Gray (1957, p. 202-203)",58
153,"Evans and Bowen (1977)",93
154,"Chesterman (1976a, p. 36)",71
155,"Anonymous (1950, p. 2)",31
155,"Murdoch and Webb (1966, p. 70)",142
156,"Chesterman (1975)",70
157,"Chesterman (1975)",70
158,"Hart (1966, p. 26-27)",106
158,"Page (1967)",152
158,"Coleman and Keith (1971)",78
159,"Hart (1966, p. 26-27)",106
160,"Southern Pacific Company (1987b, p. 19-20)",169
161,"Hart (1966, p. 26)",106
162,"Southern Pacific Company (1987b, p. 20)",169
163,"Davis (1948, p. 163)",86
163,"Wiebelt and Smith (1959, p. 16-19)",181
163,"Rice (1963, p. 6)",160
164,"Logan (1941, p. 378)",123
165,"Rice (1957, p. 53)",159
165,"Wiebelt and Smith (1959, p. 19-22)",181
165,"Woodmansee (1973, p. 138)",184
165,"Southern Pacific Company (1987a, p. 65)",168
165,"Anonymous (2011c, 2011i)",34
166,"Aubury (1906, p. 262)",44
167,"Aubury (1906, p. 262)",44
168,"Aubury (1906, p. 262)",44
169,"Aubury (1906, p. 262)",44
169,"Chandra (1961, p. 48-49)",67
170,"Chandra (1961, p. 48-49)",67
171,"Chandra (1961, p. 48-49)",67
172,"Rice (1957, p. 54)",159
172,"Wiebelt and Smith (1959, p. 23-24)",181
172,"Southern Pacific Company (1987a, p. 65)",168
173,"Chandra (1961, p. 48-49)",67
174,"Logan (1927, p. 238)",120
174,"Rice (1957, p. 54)",159
174,"Wiebelt and Smith (1959, p. 23)",181
174,"Southern Pacific Company (1987a, p. 65)",168
175,"Logan (1927, p. 238)",120
176,"Logan (1927, p. 238)",120
176,"James (1971, p. 527, 550)",108
177,"Chidester and Shride (1962, p. 2)",73
178,"Logan (1943, p. 85)",124
179,"Linne and others (1983, p. 19, fig. 1)",118
180,"Pemberton (1983, p. 398)",156
181,"Tucker and Sampson (1945, p. 158)",174
182,"Tucker and Sampson (1945, p. 158)",174
183,"Tucker and Sampson (1929, p. 499)",172
183,"Tucker and Sampson (1945, p. 158-159)",174
183,"Davis and Fischer (1958, p. 225)",89
183,"Anonymous (2011e)",36
184,"Tucker and Sampson (1929, p. 499)",172
184,"Tucker and Sampson (1945, p. 159)",174
185,"Woodford (1943, p. 354)",183
186,"Schwarcz (1960, p. 100, 102)",164
187,"Sims (1961, p. 30)",167
188,"Averill (1947b, p. 47-48)",50
189,"Mumpton and Thompson (1975)",140
189,"Rapp and others (1981, p. 11)",158
189,"Ross and Nolan (2003, p. 456-457)",161
190,"Laizure (1926, p. 223-224)",112
191,"Faust and Fahey (1962, p. 12)",95
191,"Yoder and Chesterman (1976)",191
192,"Cooper and others (2003, p. 11)",81
193,"Louderback (1909, p. 360)",129
193,"Wise and Gill (1977)",182
193,"Laurs and others (1997)",115
194,"Tucker and Sampson (1943, p. 508)",173
194,"Wright and others (1953, p. 155)",190
194,"Bowen (1954, p. 140)",57
195,"Tucker and Sampson (1943, p. 508)",173
196,"Olson and others (1954, p. 37)",150
196,"Castor and Nason (2004)",65
196,"Castor (2008)",64
197,"Weber (1963, p. 280, 282-283)",179
198,"San Francisco Department of Public Health (2007)",162
199,"Schlocker (1974, p. 58-61)",163
200,"Schlocker (1974, p. 58-61)",163
201,"Schlocker (1974, p. 58-61)",163
202,"Faust and Fahey (1962, p. 13)",95
203,"Bodenlos (1950, p. 235)",56
204,"Averill and Norman (1951, p. 369)",51
204,"Wiebelt and Smith (1959, p. 24-25)",181
204,"Lydon and O'Brien (1974, p. 75-76)",130
204,"Southern Pacific Company (1987a, p. 172)",168
205,"Anonymous (2011h)",39
206,"Averill (1939, p. 113)",48
207,"Averill (1939, p. 113)",48
207,"O'Brien (1948, p. 354-355)",146
207,"Wiebelt and Smith (1959, p. 25)",181
207,"Lydon and O'Brien (1974, p. 76)",130
207,"Southern Pacific Company (1987a, p. 172)",168
208,"Averill (1939, p. 113)",48
208,"Lydon and O'Brien (1974, p. 137)",130
209,"O'Brien (1948, p. 355)",146
209,"Wiebelt and Smith (1959, p. 26)",181
209,"Lydon and O'Brien (1974, p. 76-77)",130
209,"Southern Pacific Company (1987a, p. 172)",168
210,"Southern Pacific Company (1987a, p. 175)",168
211,"Averill (1939, p. 113)",48
212,"Coveney (1981)",83
213,"Cooke (1947, p. 216-217)",79
214,"Ferguson and Gannett (1932, p. 125, plate 1)",96
215,"Logan (1929, p. 154-155)",121
215,"Wiebelt and Smith (1959, p. 27)",181
216,"Logan (1929, p. 154)",121
216,"Wiebelt and Smith (1959, p. 27)",181
217,"Bell (2008)",55
218,"Bell (2008)",55
219,"Wiebelt and Smith (1959, p. 36-39)",181
219,"Anonymous (2011f)",37
220,"Wiebelt and Smith (1959, p. 34-36)",181
220,"Anonymous (2011b)",33
221,"Bell (2008)",55
222,"Bell (2008)",55
223,"Southern Pacific Company (1987a, p. 174)",168
224,"Bell (2008)",55
225,"Southern Pacific Company (1987a, p. 173)",168
226,"Southern Pacific Company (1987a, p. 175)",168
227,"Southern Pacific Company (1987a, p. 175)",168
228,"Southern Pacific Company (1987a, p. 175)",168
229,"Southern Pacific Company (1987a, p. 175)",168
230,"Southern Pacific Company (1987a, p. 174)",168
231,"Rice (1957, 53 p.)",159
231,"Wiebelt and Smith (1959, p. 27-31)",181
231,"Malone and others (1962)",132
231,"Southern Pacific Company (1987a, p. 173)",168
231,"Anonymous (2011g)",38
232,"Southern Pacific Company (1987a, p. 175)",168
233,"Southern Pacific Company (1987a, p. 175)",168
234,"Southern Pacific Company (1987a, p. 173)",168
235,"Southern Pacific Company (1987a, p. 175)",168
236,"Averill (1935, p. 265)",47
236,"O'Brien (1947, p. 419)",145
236,"Wiebelt and Smith (1959, p. 31-33)",181
236,"Malone and others (1962)",132
236,"Southern Pacific Company (1987a, p. 173)",168
237,"Southern Pacific Company (1987a, p. 175)",168
238,"Southern Pacific Company (1987a, p. 175)",168
239,"Southern Pacific Company (1987a, p. 175)",168
240,"Southern Pacific Company (1987a, p. 175)",168
241,"Southern Pacific Company (1987a, p. 175)",168
242,"Averill (1935, p. 264)",47
242,"O'Brien (1947, p. 418)",145
242,"Wiebelt and Smith (1959, p. 37)",181
242,"Southern Pacific Company (1987a, p. 173)",168
243,"Bell (2008)",55
244,"Averill (1935, p. 264)",47
244,"O'Brien (1947, p. 418)",145
244,"Wiebelt and Smith (1959, p. 37)",181
245,"Bell (2008)",55
246,"Bell (2008)",55
247,"Bell (2008)",55
248,"Bell (2008)",55
249,"Averill (1935, p. 264-265)",47
249,"Bell (2008)",55
250,"Bell (2008)",55
251,"Bell (2008)",55
252,"Murdoch and Webb (1966, p. 70)",142
253,"Wiebelt and Smith (1959, p. 41, 44-46)",181
253,"O'Brien (1965, p. 15, 17)",149
253,"Anonymous (2011k)",42
254,"Southern Pacific Company (1987a, p. 174)",168
255,"Southern Pacific Company (1987a, p. 174)",168
256,"Laudermilk and Woodford (1930)",114
256,"Averill (1931, p. 26)",46
256,"Wiebelt and Smith (1959, p. 45, 47)",181
256,"O'Brien (1965, p. 15)",149
256,"Southern Pacific Company (1987a, p. 172)",168
257,"Southern Pacific Company (1987a, p. 172)",168
258,"O'Brien (1965, p. 54)",149
259,"O'Brien (1965, p. 54)",149
260,"Wiebelt and Smith (1959, p. 40-43)",181
260,"Southern Pacific Company (1987a, p. 173)",168
260,"Anonymous (2011j)",41
261,"O'Brien (1965, p. 54)",149
262,"Southern Pacific Company (1987a, p. 174)",168
263,"Southern Pacific Company (1987a, p. 175)",168
264,"Aubury (1906, p. 264)",44
264,"Logan (1926, p. 12)",119
264,"Wiebelt and Smith (1959, p. 47)",181
264,"O'Brien (1965, p. 54)",149
265,"Wiebelt and Smith (1959, p. 47)",181
265,"Southern Pacific Company (1987a, p. 173)",168
266,"O'Brien (1965, p. 54)",149
267,"O'Brien (1965, p. 15)",149
268,"Southern Pacific Company (1987a, p. 174)",168
269,"O'Brien (1965, p. 54)",149
270,"Southern Pacific Company (1987a, p. 174)",168
271,"Southern Pacific Company (1987a, p. 174)",168
272,"O'Brien (1965, p. 17)",149
272,"Southern Pacific Company (1987a, p. 173)",168
273,"Southern Pacific Company (1987a, p. 174)",168
274,"Southern Pacific Company (1987a, p. 174)",168
275,"Southern Pacific Company (1987a, p. 174)",168
276,"Goodwin (1958, p. 371, 463)",101
277,"Wiebelt and Smith (1959, p. 47-50)",181
277,"Anonymous (2011a)",32
278,"Wiebelt and Smith (1959, p. 49)",181
279,"Logan (1949, p. 49)",125
280,"Aubury (1906, p. 264)",44
281,"Aubury (1906, p. 264)",44
282,"O'Brien (1952, p. 156)",148
283,"Aubury (1906, p. 264)",44
283,"O'Brien (1952, p. 156)",148
284,"O'Brien (1952, p. 156)",148
285,"O'Brien (1952, p. 152-153, 156)",148
286,"Aubury (1906, p. 264)",44
287,"Diller (1908, p. 720-721)",206
287,"Noble (1914, p. 57-60)",228
287,"Sampson (1923, p. 316)",238
287,"Wilson (1928, p. 87-89)",251
287,"Stewart (1955, p. 114-115)",240
288,"Pratt (1905, p. 1137-1140)",233
288,"Noble (1910, p. 520-522)",227
288,"Diller (1911, p. 516-519)",207
288,"Stewart (1955, p. 115-118)",240
288,"Faust and Fahey (1962, p. 11)",95
289,"Ransome (1923, p. 6-7, 39-45)",235
289,"Moore (1928, p. 56-59)",225
289,"Lausen (1931, p. 63)",219
289,"Gardner (1936, p. 27-30)",212
290,"Wilson (1928, p. 78-79)",251
290,"Stewart (1955, p. 70)",240
291,"Wilson (1928, p. 78-79)",251
291,"Stewart (1955, p. 69-71)",240
292,"Stewart (1955, p. 71-72)",240
293,"Stewart (1955, p. 71-72)",240
294,"Stewart (1955, p. 72, 74)",240
295,"Stewart (1955, p. 74)",240
296,"Wilson (1928, p. 73-76)",251
296,"U.S. Bureau of Mines (1945a, p. 17)",244
296,"U.S. Bureau of Mines (1945c)",246
296,"Stewart and Haury (1947, p. 23-25)",243
296,"Stewart (1955, p. 82-84)",240
297,"Stewart (1955, p. 96-97)",240
298,"Stewart (1955, p. 72-73)",240
299,"Stewart (1955, p. 97-98)",240
300,"Stewart (1955, p. 94-95)",240
301,"Stewart (1955, p. 92-94)",240
302,"Stewart (1955, p. 94)",240
303,"Stewart (1955, p. 95, 97)",240
304,"Stewart (1955, p. 98-99)",240
305,"Wilson (1928, p. 76-78)",251
305,"Stewart (1955, p. 86-89)",240
306,"Stewart (1956, p. 37-38)",241
306,"Moore (1968, p. 53, plate 1)",226
307,"Stewart (1955, p. 99-100)",240
308,"Moore (1968, p. 53, plate 1)",226
309,"Wilson (1928, p. 76-78)",251
309,"Stewart (1955, p. 89)",240
310,"Stewart (1955, p. 89-90)",240
311,"Stewart (1956, p. 33-36)",241
312,"Stewart (1955, p. 98)",240
313,"Wilson (1928, p. 80-81)",251
313,"Stewart (1955, p. 79)",240
314,"Wilson (1928, p. 81-82)",251
314,"Stewart (1955, p. 78-79)",240
314,"Harrer (1964, p. 52-54)",214
315,"Wilson (1928, p. 65)",251
315,"Stewart (1955, p. 47-48)",240
315,"Moore (1968, p. 51)",226
316,"Wilson (1928, p. 65-66)",251
316,"Stewart (1955, p. 36-40)",240
316,"Moore (1968, p. 49)",226
317,"Stewart (1955, p. 40, 42)",240
317,"Moore (1968, p. 50-51)",226
318,"Wilson (1928, p. 82-83)",251
318,"U.S. Bureau of Mines (1945a, p. 16-17)",244
318,"U.S. Bureau of Mines (1945e)",248
318,"Stewart and Haury (1947, p. 25-28)",243
318,"Stewart (1955, p. 74, 76-78)",240
319,"Wilson (1928, p. 64-65)",251
319,"Stewart (1956, p. 25-28)",241
319,"Moore (1968, p. 51-53)",226
320,"Stewart (1955, p. 35)",240
321,"Stewart (1955, p. 48-49)",240
322,"Stewart (1956, p. 8-12)",241
323,"Wilson (1928, p. 48-55)",251
323,"Stewart (1955, p. 19-22)",240
323,"Stewart (1961)",242
324,"Wilson (1928, p. 93-94)",251
325,"Wilson (1928, p. 63-64)",251
325,"U.S. Bureau of Mines (1945a, p. 17)",244
325,"U.S. Bureau of Mines (1945b)",245
325,"Stewart and Haury (1947, p. 21-23)",243
325,"Stewart (1955, p. 45-47)",240
325,"Moore (1968, p. 44-46)",226
326,"Stewart (1956, p. 13-14)",241
327,"Wilson (1928, p. 57-58)",251
327,"Stewart (1956, p. 12-13)",241
328,"Stewart (1956, p. 23)",241
329,"Stewart (1955, p. 22-27)",240
330,"Stewart (1955, p. 42-45)",240
330,"Moore (1968, p. 49)",226
331,"Stewart (1955, p. 34-35)",240
331,"Harrer (1964, p. 34-35)",214
332,"Stewart (1956, p. 30-32)",241
333,"Stewart (1955, p. 49-50)",240
333,"Stewart (1956, p. 28-30)",241
334,"Stewart (1955, p. 63-64)",240
334,"Bromfield and Shride (1956, p. 650-652)",199
335,"Stewart (1955, p. 53-56)",240
335,"Bromfield and Shride (1956, p. 661-663)",199
336,"Wilson (1928, p. 60-61)",251
336,"Stewart (1955, p. 62-63)",240
336,"Bromfield and Shride (1956, p. 658-661)",199
337,"Stewart (1955, p. 61-62)",240
338,"Bromfield and Shride (1956, p. 652-653)",199
339,"Stewart (1955, p. 56-59)",240
339,"Bromfield and Shride (1956, p. 656-658)",199
340,"Wilson (1928, p. 55-56)",251
340,"U.S. Bureau of Mines (1945a, p. 16)",244
340,"U.S. Bureau of Mines (1945d)",247
340,"Stewart and Haury (1947, p. 18-20)",243
341,"Stewart (1956, p. 14-15)",241
342,"Wilson (1928, p. 58-60)",251
342,"Stewart (1955, p. 59-61)",240
342,"Bromfield and Shride (1956, p. 653-656)",199
343,"Wilson (1928, p. 60)",251
344,"Stewart (1956, p. 22-23)",241
345,"Bromfield and Shride (1956, p. 664)",199
346,"Bateman (1923)",197
346,"Melhase (1925)",222
346,"Wilson (1928, p. 66-72)",251
346,"Stewart (1955, p. 64-67)",240
347,"Bromfield and Shride (1956, p. 653)",199
348,"Wilson (1928, p. 84)",251
348,"Stewart (1956, p. 36-37)",241
349,"Stewart (1956, p. 23-25)",241
350,"Wilson (1928, p. 83-84)",251
350,"Stewart (1955, p. 83-84)",240
351,"Stewart (1956, p. 16-22)",241
352,"Melhase (1925, p. 809)",222
352,"Wilson (1928, p. 37-48)",251
352,"Stewart (1955, p. 28-29)",240
352,"Stewart (1961, p. 42-45)",242
353,"Wilson (1928, p. 56-57)",251
353,"Stewart (1956, p. 17-19)",241
354,"Stewart (1955, p. 28, 30-31)",240
354,"Stewart (1961, p. 42-45)",242
354,"Li (1975)",220
355,"Stewart (1955, p. 80-82)",240
356,"Stewart (1955, p. 32, 34)",240
357,"Bromfield and Shride (1956, p. 669)",199
358,"Bromfield and Shride (1956, p. 668)",199
359,"Bromfield and Shride (1956, p. 668-669)",199
360,"Stewart (1955, p. 35-36)",240
361,"Bromfield and Shride (1956, p. 668)",199
362,"Wilson (1928, p. 61-62)",251
362,"Stewart (1955, p. 50-53)",240
362,"Bromfield and Shride (1956, p. 664-667)",199
363,"Bromfield and Shride (1956, p. 669-670)",199
364,"Bromfield and Shride (1956, p. 671-672)",199
364,"Stewart (1956, p. 32-33)",241
365,"Stewart (1956, p. 38-39)",241
366,"Bejnar (1952, p. 99)",198
367,"Stewart (1955, p. 113)",240
368,"Wilson (1928, p. 85-86)",251
368,"Peterson (1960)",231
369,"Stewart (1955, p. 108-109)",240
370,"Stewart (1955, p. 106)",240
370,"Bromfield and Shride (1956, p. 672-673)",199
371,"Stewart (1955, p. 111-113)",240
372,"Stewart (1955, p. 111-112)",240
373,"Stewart (1955, p. 110-112)",240
374,"Stewart (1955, p. 111-112)",240
375,"Bromfield and Shride (1956, p. 672)",199
376,"Wilson (1928, p. 62-63)",251
376,"Stewart (1955, p. 100-105)",240
376,"Bromfield and Shride (1956, p. 673-676)",199
377,"Wilson (1933, p. 143)",252
377,"Gilbert and Spencer (1992)",213
378,"Stewart (1956, p. 40-41)",241
379,"Stewart (1955, p. 108)",240
380,"Stewart (1955, p. 107-108)",240
381,"Stewart (1955, p. 106)",240
381,"Bromfield and Shride (1956, p. 676-677)",199
382,"Stewart (1955, p. 104)",240
382,"Bromfield and Shride (1956, p. 677-679)",199
383,"Bromfield and Shride (1956, p. 679)",199
384,"Wilson (1928, p. 86)",251
385,"Stewart (1955, p. 109)",240
386,"Anonymous (1918, p. 20)",194
387,"Wilson (1928, p. 92-93)",251
387,"Hillebrand (1953, p. 75-76, 83)",215
387,"Stewart (1955, p. 118-119)",240
388,"Cooper and Silver (1964, p. 146)",203
389,"Wilson (1951, p. 23-27)",253
389,"Stewart (1955, p. 119-121)",240
390,"Reeves and Kral (1955, p. 25-28)",236
390,"Castor and Ferdock (2004, p. 389)",202
391,"Faust and Callaghan (1948)",209
391,"Vitaliano (1951, p. 13-16)",250
391,"Faust and Fahey (1962, p. 10)",95
391,"Hose and others (1976, p. 50-51)",216
392,"Castor and Ferdock (2004, p. 440)",202
393,"Crawford and Buranek (1943, p. 12-13)",205
394,"Perry and McCarthy (1977, p. 45)",230
394,"U.S. Geological Survey (2007, Deposit ID number 10011337)",249
395,"Crawford and Buranek (1942)",204
395,"U.S. Geological Survey (2007, Deposit ID number 10010567)",249
396,"Milton and others (1974)",223
397,"Hunt (1924, p. 872)",217
397,"Atkinson and Einaudi (1978, p. 1340-1345)",196
397,"Lanier and others (1978, p. 1273-1275)",218
397,"Reid (1978, p. 1320)",237
398,"Buranek (1942)",200
399,"Paddock (1956)",229
399,"Allmendinger and Jordan (1989)",192
399,"U.S. Geological Survey (2007, Deposit ID number 10090995)",249
400,"Neathery (1968)",363
401,"Neathery and others (1967)",364
401,"Neathery (1968)",363
402,"Neathery and others (1967)",364
402,"Neathery (1968)",363
403,"Neathery and others (1967)",364
403,"Neathery (1968)",363
404,"Neathery (1968)",363
405,"Neathery and others (1967)",364
405,"Neathery (1968)",363
406,"Neathery (1968)",363
407,"Neathery and others (1967)",364
407,"Neathery (1968)",363
408,"Neathery (1968)",363
409,"Neathery and others (1967)",364
409,"Neathery (1968)",363
410,"Neathery and others (1967)",364
410,"Neathery (1968)",363
411,"Neathery (1968)",363
412,"Neathery and others (1967)",364
412,"Neathery (1968)",363
413,"Neathery (1968)",363
414,"Neathery (1968)",363
415,"Wade (1985)",413
416,"Neathery (1968)",363
417,"Neathery (1968)",363
418,"Neathery (1968)",363
419,"Ganung (1963)",310
420,"Booth (1841, p. 34-35)",266
420,"Pearre and Heyl (1960, p. 720-721, 819, plate 42)",374
421,"Hopkins (1914, p. 185-186)",327
421,"Teague (1956, p. 4)",400
421,"Cook (1978, p. 127)",292
422,"Hopkins (1914, p. 183-184)",327
422,"Teague (1956, p. 4)",400
422,"Cook (1978, p. 127)",292
423,"Hopkins (1914, p.186)",327
423,"Teague (1956, p. 4)",400
423,"Cook (1978, p. 127)",292
424,"Hopkins (1914, p. 186-187)",327
424,"Teague (1956, p. 5)",400
424,"Cook (1978, p. 126)",292
425,"Teague (1956, p. 5)",400
425,"Cook (1978, p. 126)",292
426,"Teague (1956, p. 5)",400
426,"Cook (1978, p. 126)",292
427,"Hopkins (1914, p. 187)",327
428,"Hopkins (1914, p. 182-183)",327
428,"Teague (1956, p. 4)",400
428,"Cook (1978, p. 125)",292
429,"Teague (1956, p. 4)",400
429,"Cook (1978, p. 125)",292
430,"Hopkins (1914, p. 188-189)",327
431,"Hopkins (1914, p. 181-182)",327
432,"Blake (1982)",265
433,"Hopkins (1914, p. 178)",327
434,"Hopkins (1914, p. 284-285?)",327
434,"Cook (1978, p. 141)",292
434,"Pate (1980)",370
435,"Hopkins (1914, p. 284?)",327
435,"Pate (1980)",370
436,"Hopkins (1914, p. 179)",327
437,"Hopkins (1914, p. 173)",327
437,"Bowles (1955, p. 26)",5
437,"Teague (1956, p. 4-5)",400
437,"Cook (1978, p. 125, 141)",292
438,"Hopkins (1914, p. 171)",327
439,"Hopkins (1914, p. 170)",327
439,"Georgia Department of Mines, Mining and Geology (1951)",312
440,"Hopkins (1914, p. 169-170)",327
440,"Georgia Department of Mines, Mining and Geology (1951)",312
441,"Hopkins (1914, p. 154-156)",327
441,"Hopkins (1915, p. 970)",328
441,"Reifsneider (1925)",387
441,"Teague and Furcron (1948)",401
441,"Bowles (1955, p. 26)",5
441,"Teague (1956, p. 5)",400
441,"Cook (1978, p. 126)",292
442,"Hopkins (1914, p. 157)",327
443,"Hopkins (1914, p. 166-167)",327
443,"Georgia Department of Mines, Mining and Geology (1951)",312
444,"McCallie (1910)",352
444,"Hopkins (1914, p. 167-169)",327
444,"Hopkins (1915, p. 969-970)",328
444,"Georgia Department of Mines, Mining and Geology (1951)",312
444,"Bowles (1955, p. 26)",5
445,"Hopkins (1914, p. 158-159)",327
445,"Teague and Furcron (1948)",401
445,"Teague (1956, p. 6)",400
445,"Cook (1978, p. 126)",292
446,"Hopkins (1914, p. 159)",327
446,"Teague and Furcron (1948)",401
446,"Cook (1978, p. 126)",292
447,"Hopkins (1914, p. 159-163)",327
447,"Bowles (1955, p. 26)",5
447,"Teague (1956, p. 6)",400
447,"Cook (1978, p. 126)",292
447,"Chatman (1985)",278
448,"Hopkins (1914, p. 163-165)",327
448,"Teague (1956, p. 5-6)",400
448,"Cook (1978, p. 126)",292
448,"Chatman (1985)",278
449,"Chatman (1985)",278
450,"Chatman (1985)",278
451,"Chatman (1985)",278
452,"Hopkins (1914, p. 252)",327
452,"Cook (1978, p. 141)",292
453,"Teague and Furcron (1948)",401
453,"Teague (1956, p. 7)",400
453,"Cook (1978, p. 127)",292
454,"Teague and Furcron (1948)",401
454,"Teague (1956, p. 7)",400
454,"Cook (1978, p. 127)",292
455,"Hopkins (1914, p. 146)",327
455,"Chatman (1985)",278
456,"Hopkins (1914, p. 145)",327
456,"Teague and Furcron (1948)",401
456,"Teague (1956, p. 6-7)",400
456,"Cook (1978, p. 126-127)",292
457,"Teague and Furcron (1948)",401
457,"Teague (1956, p. 6)",400
457,"Cook (1978, p. 126)",292
458,"Hopkins (1914, p. 145)",327
459,"Hopkins (1914, p. 145)",327
459,"Teague and Furcron (1948)",401
459,"Teague (1956, p. 7)",400
459,"Cook (1978, p. 127)",292
460,"Hopkins (1914, p. 143)",327
460,"Hunter (1941, p. 114-117)",329
460,"Teague and Furcron (1948)",401
461,"Hopkins (1914, p. 146-147)",327
462,"Hopkins (1914, p. 150)",327
462,"Georgia Department of Mines, Mining and Geology (1951)",312
462,"Cook (1978, p. 127)",292
463,"Teague and Furcron (1948)",401
463,"Teague (1956, p. 7)",400
463,"Cook (1978, p. 127)",292
464,"Hopkins (1914, p. 147-148)",327
464,"Teague and Furcron (1948)",401
464,"Teague (1956, p. 6)",400
464,"Cook (1978, p. 126)",292
465,"Hopkins (1914, p. 147)",327
466,"Hopkins (1914, p. 144)",327
466,"Teague and Furcron (1948)",401
466,"Teague (1956, p. 7)",400
466,"Cook (1978, p. 127)",292
467,"Hopkins (1914, p. 147)",327
467,"Teague and Furcron (1948)",401
467,"Teague (1956, p. 6)",400
467,"Cook (1978, p. 126)",292
468,"Teague and Furcron (1948)",401
468,"Teague (1956, p. 7)",400
468,"Cook (1978, p. 127)",292
469,"Hopkins (1914, p. 150)",327
469,"Georgia Department of Mines, Mining and Geology (1951)",312
469,"Cook (1978, p. 127)",292
470,"Teague and Furcron (1948)",401
470,"Teague (1956, p. 6)",400
470,"Cook (1978, p. 126)",292
471,"Hopkins (1914, p. 148-149)",327
472,"Teague and Furcron (1948)",401
472,"Teague (1956, p. 7)",400
472,"Cook (1978, p. 127)",292
473,"Adams (1870)",254
473,"Emerson (1898, p. 47-54)",302
473,"Emerson (1917, p. 215-217)",303
473,"Shannon (1919)",394
473,"Pearre (1956)",372
473,"Veblen (1980)",407
474,"Bowles (1955, p. 28)",5
474,"Pearre (1956)",372
474,"Ratcliffe (1984)",386
475,"Emerson (1898, p. 55-56)",302
476,"Herz (1958)",325
477,"Larrabee (1969)",343
477,"Rohl and others (1977)",389
477,"Bernstein (1980, p. 71-76)",264
477,"Brooks (1989)",272
477,"Ross and Nolan (2003, p. 464)",161
478,"Froelich (1975)",307
479,"Ostrander and Price (1940, p. 20)",368
480,"Ostrander and Price (1940, p. 14, 16)",368
481,"Ostrander and Price (1940, p. 34)",368
482,"Ostrander and Price (1940, p. 36)",368
482,"Pearre and Heyl (1960, p. 803-804)",374
482,"Bernstein (1980, p. 59)",264
483,"Ostrander and Price (1940, p. 22)",368
483,"Bangs (1946, p. 70-71)",260
483,"Pearre and Heyl (1960, p. 804, plate 40)",374
483,"Bernstein (1980, p. 32-33)",264
484,"Bangs (1946, p. 71)",260
485,"Hayden (1833)",324
485,"Ostrander and Price (1940, p. 27, 29)",368
485,"Ostrander and others (1946, p. 12)",367
485,"Faust and Fahey (1962, p. 9)",95
486,"Ostrander and Price (1940, p. 42)",368
487,"Ostrander and Price (1940, p. 42, 44)",368
488,"Bernstein (1980, p. 30-31)",264
489,"Ostrander and Price (1940, p. 52): Pearre and Heyl (1960, p. 763-764, plate 41)",368
490,"Ostrander and Price (1940, p. 54)",368
491,"Ostrander and Price (1940, p. 56)",368
491,"Pearre and Heyl (1960, p. 797-799, 804, plate 41)",374
491,"Puffer and others (1980)",381
492,"Ostrander and Price (1940, p. 54)",368
493,"Bangs (1946, p. 70)",260
493,"Pearre and Heyl (1960, p. 804, plate 41)",374
494,"Ostrander and Price (1940, p. 55, 58)",368
494,"Bangs (1946, p. 69-71)",260
494,"Pearre and Heyl (1960, p. 801, 804, plate 41)",374
494,"Bowles (1955, p. 27)",5
495,"Pearre and Heyl (1960, p. 812, plate 41)",374
496,"Pearre and Heyl (1960, plate 41)",374
496,"Puffer and others (1980)",381
497,"Ostrander and Price (1940, p. 59)",368
497,"Pearre and Heyl (1960, p. 813, plate 41)",374
497,"Puffer and others (1980)",381
498,"Pearre and Heyl (1960, plate 41)",374
498,"Puffer and others (1980)",381
499,"Smith and others (1907, p. 8-9)",397
499,"Wing (1951a, p. 43-45, Map III)",418
500,"Smith and others (1907, p. 8-9)",397
500,"Wing (1951a, p. 43-45, Map II)",418
500,"Morrill and Hinckley (1959, p. 22)",360
501,"Wing (1951a, p. 43-45)",418
501,"Morrill and Hinckley (1959, p. 22)",360
502,"Boudette (1982, 1991)",267
503,"Boudette (1982, 1991)",267
503,"King and Foord (1994, p. 86-87)",338
504,"Wing and Dawson (1949, p. 46-47)",420
504,"Boudette (1982, 1991)",267
504,"King and Foord (1994, p. 86-87)",338
505,"Harwood (1973, p. 49-51, plate 1)",323
505,"Boudette (1982)",267
506,"Harwood (1973, p. 49-51, plate 1)",323
506,"Boudette (1982)",267
507,"Harwood (1973, p. 49-51, plate 1)",323
507,"Boudette (1982)",267
507,"King and Foord (1994, p. 86-87)",338
508,"Harwood (1973, p. 49-51, plate 1)",323
508,"Boudette (1982)",267
509,"Boudette (1982, 1991)",267
509,"King and Foord (1994, p. 86-87)",338
510,"Boudette (1982, 1991)",267
511,"Wing and Dawson (1949, p. 48-58)",420
511,"Hurley and Thompson (1950)",331
511,"Wing (1951a, Map I)",418
511,"Wing (1951b)",419
511,"Bowles (1955, p. 22)",5
512,"Wing and Dawson (1949, p. 58-59, Map V)",420
512,"Hurley and Thompson (1950)",331
512,"Wing (1951a)",418
512,"Wing (1951b)",419
513,"Harwood (1973, p. 49-50, plate 1)",323
513,"Boudette (1982)",267
514,"Wing and Dawson (1949, p. 59-60)",420
515,"Wing and Dawson (1949, p. 60)",420
516,"Harwood (1973, p. 49-50, plate 1)",323
516,"Boudette (1982)",267
517,"Harwood (1973, p. 49-50, plate 1)",323
517,"Boudette (1982)",267
518,"Harwood (1973, p. 49-50, plate 1)",323
518,"Boudette (1982)",267
519,"Harwood (1973, p. 49-50, plate 1)",323
519,"Boudette (1982)",267
520,"Pavlides (1965, p. 38, plate 1)",371
521,"Conrad and others (1963, p. 42)",288
522,"Hunter (1941, p. 106-107)",329
522,"Conrad and others (1963, p. 42)",288
523,"Conrad and others (1963, p. 36)",288
524,"Conrad and others (1963, p. 36-37)",288
525,"Conrad and others (1963, p. 36)",288
526,"Conrad and others (1963, p. 31-32)",288
527,"Conrad and others (1963, p. 32)",288
528,"Conrad and others (1963, p. 30-31)",288
529,"Conrad and others (1963, p. 35-36)",288
530,"Conrad and others (1963, p. 32)",288
531,"Conrad and others (1963, p. 29-30)",288
532,"Conrad and others (1963, p. 34)",288
533,"Conrad and others (1963, p. 32-34)",288
534,"Conrad and others (1963, p. 34)",288
535,"Conrad and others (1963, p. 34-35)",288
536,"Conrad and others (1963, p. 35)",288
537,"Murdock and Hunter (1946, plate 13)",361
538,"Conrad and others (1963, p. 39-40)",288
539,"Conrad and others (1963, p. 37, 39-40)",288
540,"Murdock and Hunter (1946, p. 35, plate 13)",361
541,"Conrad and others (1963, p. 40)",288
542,"Conrad and others (1963, p. 30)",288
543,"Conrad and others (1963, p. 40)",288
544,"Conrad and others (1963, p. 40)",288
545,"Conrad and others (1963, p. 29)",288
546,"Hunter (1941, p. 100-102)",329
547,"Conrad and others (1963, p. 40-42)",288
548,"Conrad and others (1963, p. 37)",288
549,"Hunter and others (1942, p. 12)",330
550,"Hunter and others (1942, p. 12-14)",330
551,"Hunter (1941, p. 67-74)",329
552,"Conrad and others (1963, p. 42-44)",288
553,"Brobst (1962, plate 1)",271
553,"Conrad and others (1963, p. 24-25)",288
554,"Conrad and others (1963, p. 27)",288
555,"Brobst (1962, plate 1)",271
555,"Conrad and others (1963, p. 24)",288
556,"Hunter (1941, p. 53-57)",329
556,"Brobst (1962, plate 1)",271
556,"Conrad and others (1963, p. 25-26)",288
557,"Brobst (1962, plate 1)",271
557,"Conrad and others (1963, p. 26-27)",288
558,"Kulp and Brobst (1954)",339
558,"Hunter (1941, p. 48-53)",329
559,"Brobst (1962, plate 1)",271
559,"Conrad and others (1963, p. 26)",288
560,"Conrad and others (1963, p. 27)",288
561,"Hunter (1941, p. 57)",329
561,"Brobst (1962, p. A22)",271
561,"Conrad and others (1963, p. 22)",288
562,"Brobst (1962, plate 1)",271
562,"Conrad and others (1963, p. 22, 24)",288
563,"Bryant (1962, p. D-28)",274
563,"Conrad and others (1963, p. 22)",288
564,"Conrad and others (1963, p. 22)",288
565,"Bryant (1962, p. D-28)",274
565,"Conrad and others (1963, p. 21-22)",288
566,"Hunter (1941, p. 43-47)",329
566,"Brobst (1962, p. A22)",271
566,"Conrad and others (1963, p. 22)",288
567,"Pratt and Lewis (1905, p. 58, 394)",379
568,"Pratt and Lewis (1905, p. 57, 394)",379
569,"Pratt and Lewis (1905, p. 58, 394)",379
570,"Mason (1960)",351
570,"Germine (1981)",313
570,"Germine and Puffer (1981)",316
571,"Germine (1981)",313
571,"Germine and Puffer (1981)",316
572,"Germine (1981)",313
572,"Germine and Puffer (1981)",316
573,"Germine (1981)",313
573,"Germine and Puffer (1981)",316
574,"Germine (1981)",313
574,"Germine and Puffer (1981)",316
575,"Lewis (1909)",344
575,"Montgomery (1955)",358
575,"Germine (1981)",313
575,"Germine and Puffer (1981)",316
576,"Cook (1868)",289
576,"Seymour (1868)",393
576,"Russell (1882)",392
576,"Mason (1960)",351
576,"Germine (1981)",313
576,"Germine and Puffer (1981)",316
577,"Newland (1901, p. 316-317)",365
577,"Faust and Fahey (1962, p. 13)",95
577,"Germine (1981)",313
577,"Germine and Puffer (1981)",316
578,"Newland (1901, p. 316-317)",365
578,"Germine (1981)",313
578,"Germine and Puffer (1981)",316
579,"Germine (1981)",313
579,"Germine and Puffer (1981)",316
580,"Mason (1960)",351
580,"Germine (1981)",313
580,"Germine and Puffer (1981)",316
581,"Germine (1981)",313
581,"Germine and Puffer (1981)",316
582,"Germine (1981)",313
582,"Germine and Puffer (1981)",316
583,"Germine (1981)",313
583,"Germine and Puffer (1981)",316
584,"Germine (1981)",313
584,"Germine and Puffer (1981)",316
585,"Germine (1981)",313
585,"Germine and Puffer (1981)",316
586,"Germine (1981)",313
586,"Germine and Puffer (1981)",316
587,"Germine (1981)",313
587,"Germine and Puffer (1981)",316
588,"Peters and Peters (1978)",377
588,"Germine (1981)",313
588,"Germine and Puffer (1981)",316
589,"Chester (1901)",279
589,"Valiant (1903)",404
589,"Germine (1981)",313
589,"Germine and Puffer (1981)",316
590,"Germine (1981)",313
590,"Germine and Puffer (1981)",316
591,"Germine (1981)",313
591,"Germine and Puffer (1981)",316
592,"Cook (1868)",289
592,"Germine and Puffer (1981)",316
593,"Valiant (1903)",404
593,"Germine (1981)",313
593,"Germine and Puffer (1981)",316
594,"Merrill (1888)",354
594,"Shannon (1927)",395
594,"Kalousek and Muttart (1957)",335
594,"Faust and Fahey (1962)",95
594,"Germine (1981)",313
594,"Germine and Puffer (1981)",316
595,"Mason (1960)",351
595,"Peters and Peters (1978)",377
595,"Germine (1981)",313
595,"Germine and Puffer (1981)",316
596,"Cook (1868)",289
596,"Germine and Puffer (1981)",316
597,"Germine (1981)",313
597,"Germine and Puffer (1981)",316
598,"Canfield (1889, p. 5)",277
598,"Germine (1981)",313
598,"Germine and Puffer (1981)",316
599,"Cook (1874)",290
599,"Canfield (1889)",277
599,"Germine (1981)",313
599,"Germine and Puffer (1981)",316
600,"Germine (1981)",313
600,"Germine and Puffer (1981)",316
601,"Canfield (1889)",277
601,"Germine (1981)",313
601,"Germine and Puffer (1981)",316
602,"Haque and others (1956)",322
602,"Widmer (1962)",417
602,"Wood (1969)",421
602,"Kushner (1974)",340
602,"Germine (1981, 1982, 1986)",313
602,"Germine and Puffer (1981)",316
603,"Cook (1879)",291
603,"Germine (1981)",313
603,"Germine and Puffer (1981)",316
604,"Metsger and others (1966)",356
604,"Frondel (1972)",309
604,"Germine (1981)",313
604,"Germine and Puffer (1981)",316
605,"Kushner (1974)",340
605,"Germine (1981, 1982, 1986)",313
605,"Germine and Puffer (1981)",316
606,"Palache (1935)",369
606,"Haque and others (1956)",322
606,"Baum (1962)",261
606,"Metsger (1962)",355
606,"Frondel (1972)",309
606,"Germine (1981)",313
606,"Germine and Puffer (1981)",316
607,"Germine (1981)",313
607,"Germine and Puffer (1981)",316
608,"Behm (1954)",263
608,"Germine (1981)",313
608,"Germine and Puffer (1981)",316
608,"Puffer and others (1993)",383
608,"Puffer and Germine (1994)",380
609,"Germine (1981)",313
609,"Germine and Puffer (1981)",316
609,"Puffer and others (1993)",383
609,"Puffer and Germine (1994)",380
610,"Germine (1981)",313
610,"Germine and Puffer (1981)",316
610,"Puffer and others (1993)",383
610,"Puffer and Germine (1994)",380
611,"Germine (1981)",313
611,"Germine and Puffer (1981)",316
611,"Puffer and others (1993)",383
611,"Puffer and Germine (1994)",380
612,"Germine (1981)",313
612,"Germine and Puffer (1981)",316
612,"Puffer and others (1993)",383
612,"Puffer and Germine (1994)",380
613,"Germine (1981)",313
613,"Germine and Puffer (1981)",316
613,"Puffer and others (1993)",383
613,"Puffer and Germine (1994)",380
614,"Behm (1954)",263
614,"Germine (1981)",313
614,"Germine and Puffer (1981)",316
614,"Puffer and others (1993)",383
614,"Puffer and Germine (1994)",380
615,"Behm (1954)",263
615,"Germine (1981)",313
615,"Germine and Puffer (1981)",316
615,"Puffer and others (1993)",383
615,"Puffer and Germine (1994)",380
616,"Germine (1981)",313
616,"Germine and Puffer (1981)",316
616,"Puffer and others (1993)",383
616,"Puffer and Germine (1994)",380
617,"Cichetti (1977)",286
617,"Germine (1981)",313
617,"Germine and Puffer (1981)",316
617,"Puffer and others (1993)",383
617,"Puffer and Germine (1994)",380
618,"Germine (1981)",313
618,"Germine and Puffer (1981)",316
618,"Puffer and others (1993)",383
618,"Puffer and Germine (1994)",380
619,"Behm (1954)",263
619,"Germine (1981)",313
619,"Germine and Puffer (1981)",316
619,"Puffer and others (1993)",383
619,"Puffer and Germine (1994)",380
620,"Maresca (1984)",346
620,"Maresca and others (1984)",348
621,"Germine (1981)",313
621,"Germine and Puffer (1981)",316
621,"Puffer and others (1993)",383
621,"Puffer and Germine (1994)",380
622,"Germine (1981)",313
622,"Germine and Puffer (1981)",316
622,"Puffer and others (1993)",383
622,"Puffer and Germine (1994)",380
623,"Maresca and others (1983)",347
623,"Puffer and others (1983, p. 18-35)",382
623,"Maresca (1984)",346
623,"Maresca and others (1984)",348
623,"Puffer and others (1993)",383
624,"Britton (1882, p. 182)",270
624,"Hollick (1902)",326
624,"Newland (1921, p. 32)",366
624,"Behm (1954)",263
624,"Germine (1981)",313
624,"Germine and Puffer (1981)",316
624,"Puffer and others (1993)",383
624,"Puffer and Germine (1994)",380
625,"Newland (1901, p. 399-402, 405)",365
626,"Januzzi (1959, p. 8, 21, 24, and 75)",332
626,"Januzzi (1961, p. 13)",333
626,"Cressey and Spratt (1993)",293
627,"Newland (1921, p. 32)",366
627,"Chidester and Shride (1962)",73
628,"Newland (1921, p. 31-32)",366
628,"Bowles (1955, p. 22)",5
628,"Chidester and Shride (1962)",73
629,"Newland (1921, p. 32)",366
629,"Chidester and Shride (1962)",73
630,"Engel (1962)",304
630,"Ross and others (1968)",391
630,"Beard and others (2001)",262
630,"Van Gosen and others (2004)",406
630,"Webber and others (2004)",415
631,"Ostrander and others (1946, p. 18-21)",367
631,"Pearre and Heyl (1960, p. 738-740, 746, 767-768, plate 41)",374
631,"Faust and Fahey (1962, p. 8)",95
631,"Foord and others (1981)",306
632,"Pearre and Heyl (1960, p. 768-769, plate 41)",374
633,"Pearre and Heyl (1960, p. 815-816, plate 41)",374
633,"Faust and Fahey (1962, p. 11)",95
633,"Geyer and others (1976, p. 87-91)",317
633,"Puffer and others (1980)",381
634,"Pearre and Heyl (1960, p. 774-775, plate 41)",374
635,"Gordon (1922, p. 181)",319
635,"Pearre and Heyl (1960, p. 725, plate 41)",374
636,"Pearre and Heyl (1960, plate 41)",374
636,"Puffer and others (1980)",381
637,"Pearre and Heyl (1960, p. 728, plate 41)",374
637,"Lapham (1962a)",341
637,"Geyer and others (1976, p. 128-133)",317
637,"Puffer and others (1980)",381
638,"Pearre and Heyl (1960, p. 780, plate 41)",374
638,"Puffer and others (1980)",381
639,"Gordon (1922, p. 206)",319
639,"Faust and Fahey (1962, p. 10)",95
639,"Pearre and Heyl (1960, p. 778-779, plate 41)",374
640,"Gordon (1922, p. 205-206)",319
640,"Ostrander and others (1946, p. 15-18)",367
640,"Pearre and Heyl (1960, p. 775-778, plate 41)",374
640,"Faust and Fahey (1962, p. 10-11)",95
640,"Geyer and others (1976, p. 157-161)",317
641,"Gordon (1922, p. 181)",319
641,"Pearre and Heyl (1960, p. 780-781, plate 41)",374
641,"Puffer and others (1980)",381
642,"Pearre and Heyl (1960, plate 41)",374
642,"Puffer and others (1980)",381
643,"Pearre and Heyl (1960, plate 41)",374
643,"Puffer and others (1980)",381
644,"Geyer and others (1976, p. 23-27)",317
645,"Geyer and others (1976, p. 28-30)",317
646,"Gordon (1922, p. 206)",319
646,"Stone (1939, p. 4)",398
646,"Pearre and Heyl (1960, p. 803, 805, plate 41)",374
647,"Stone (1939, p. 4)",398
647,"Pearre and Heyl (1960, p. 803, plate 41)",374
648,"Rand and others (1893, p. 198)",385
648,"Gordon (1922, p. 184)",319
648,"Pearre and Heyl (1960, p. 805, plate 42)",374
649,"Genth (1875, p. 68)",311
649,"Gordon (1922, p. 185)",319
649,"Pearre and Heyl (1960, p. 805, plate 42)",374
650,"Gordon (1922, p. 193)",319
651,"Gordon (1922, p. 192)",319
652,"Gordon (1922, p. 173-174)",319
652,"Pearre and Heyl (1960, p. 820, plate 42)",374
653,"Gordon (1922, p. 182)",319
653,"Geyer and others (1976, p. 65-68)",317
653,"Pearre and Heyl (1960, p. 720, 728-729, plate 42)",374
654,"Rand and others (1893, p. 200)",385
654,"Gordon (1922, p. 200)",319
654,"Pearre and Heyl (1960, p. 805, plate 42)",374
654,"Mitchell (1999, p. 173-174)",357
655,"Rand and others (1893, p. 197)",385
655,"Gordon (1922, p. 199)",319
656,"Genth (1875, p. 116)",311
656,"Rand and others (1893, p. 201)",385
656,"Gordon (1922, p. 189)",319
656,"Pearre and Heyl (1960, p. 803, plate 42)",374
657,"Rand and others (1893, p. 187)",385
657,"Gordon (1922, p. 180)",319
657,"Pearre and Heyl (1960, p. 725, plate 42)",374
658,"Rand and others (1893, p. 201)",385
658,"Gordon (1922, p. 188)",319
659,"Rand and others (1893, p. 187)",385
659,"Gordon (1922, p. 180)",319
660,"Gordon (1922, p. 183)",319
660,"Pearre and Heyl (1960, plate 42)",374
661,"Rand and others (1893, p. 186)",385
661,"Gordon (1922, p. 194)",319
661,"Pearre and Heyl (1960, p. 725, plate 42)",374
662,"Pearre and Heyl (1960, p. 803, plate 42)",374
663,"Rand and others (1893, p. 181-182)",385
663,"Gordon (1922, p. 221-222)",319
663,"Pearre and Heyl (1960, p. 799-800, plate 42)",374
664,"Genth (1875, p. 69)",311
664,"Rand and others (1893, p. 182)",385
664,"Gordon (1922, p. 213)",319
664,"Pearre and Heyl (1960, p. 725, plate 42)",374
665,"Gordon (1922, p. 161)",319
666,"Geyer and others (1976, p. 77-84)",317
667,"Rand and others (1893, p. 182)",385
667,"Gordon (1922, p. 223)",319
668,"Geyer and others (1976, p. 38-41)",317
669,"Gray and Lapham (1961)",320
669,"Lapham (1962b)",342
669,"Geyer and others (1976, p. 165-171)",317
670,"Geyer and others (1976, p. 193-198)",317
670,"Germine (1981)",313
670,"Germine and Puffer (1981)",316
671,"Peck (1905)",375
671,"Montgomery (1955, 1962)",358
671,"Geyer and others (1976, p. 193-198)",317
671,"Germine (1981)",313
671,"Germine and Puffer (1981)",316
672,"Chester and Cairns (1887)",280
672,"Quinn and others (1949)",384
672,"Woolley (1987, p. 153)",422
673,"Sloan (1908, p. 124)",396
674,"Sloan (1908, p. 124-125)",396
675,"Sloan (1908, p. 123)",396
676,"Sloan (1908, p. 123-124)",396
677,"Sloan (1908, p. 124)",396
678,"Sloan (1908, p. 125)",396
679,"Sloan (1908, p. 111-112)",396
680,"Sloan (1908, p. 109-111)",396
681,"Kaas (1996, sequence number 0510770012)",334
682,"Kaas (1996, sequence number 0510890005)",334
683,"Dietrich (1955, p. 21)",295
684,"Dietrich (1955, p. 21)",295
685,"Dietrich (1955, p. 21)",295
685,"Kaas (1996, sequence number 0510630043)",334
686,"Kaas (1996, sequence number 0510630042)",334
687,"Watson (1907, p. 286)",414
687,"Diller (1911, p. 520-521)",207
687,"Dietrich (1953, p. 41)",294
688,"Dietrich (1953, p. 41)",294
689,"Watson (1907, p. 286)",414
689,"Dietrich (1953, p. 41)",294
690,"Kaas (1996, sequence number 0510090008)",334
691,"Brown (1937, p. 41, plate 2)",273
691,"Dietrich (1953, p. 37)",294
692,"Kaas (1996, sequence number 0510750048)",334
693,"Watson (1907, p. 293-296)",414
693,"Dietrich (1953, p. 41)",294
694,"Kaas (1996, sequence number 0510650035)",334
695,"Kaas (1996, sequence number 0511650017)",334
696,"Allen (1963, p. 88)",255
697,"Watson (1907, p. 509-510)",414
697,"Weed (1911, p. 107-108)",416
697,"Allen (1963, p. 84, plate 1)",255
697,"Sweet and Bell (1980, p. 43)",399
698,"Watson (1907, p. 510)",414
698,"Weed (1911, p. 109-111)",416
698,"Allen (1963, p. 84-85, plate 1)",255
698,"Allen (1967, p. 55-56, plate 1)",256
698,"Sweet and Bell (1980, p. 47)",399
699,"Watson (1907, p. 509)",414
699,"Weed (1911, p. 106)",416
699,"Allen (1967, p. 56-57, plate 1)",256
699,"Sweet and Bell (1980, p. 44-45)",399
700,"Watson (1907, p. 508)",414
700,"Weed (1911, p. 101)",416
700,"Sweet and Bell (1980, p. 43)",399
701,"Trapp (1968)",403
701,"Medici (1972)",353
701,"Bernstein (1980, p. 122, 124, 131, 133-137)",264
702,"Dietrich (1955, p. 21)",295
702,"Bernstein (1980, p. 105)",264
703,"Thiesmeyer (1937)",402
704,"Drake and Morgan (1981)",299
704,"Drake (1986)",297
704,"Drake and Lee (1989)",298
704,"Drake and others (1994)",300
704,"Dusek and Yetman (2002)",301
704,"Ross and Nolan (2003, p. 463-464)",161
705,"Watson (1907, p. 508-509)",414
705,"Weed (1911, p. 102-103)",416
706,"Kaas (1996, sequence number 0510590043)",334
707,"Bernstein (1980, p. 108-109)",264
708,"Dietrich (1953, p. 41)",294
709,"Chidester and others (1951, p. 14, plate 1)",283
709,"Chidester and Shride (1962, p. 7)",73
710,"Gillson (1927, p. 254)",318
710,"Phillips and Hess (1936, p. 343-345)",378
710,"Zodac (1940)",423
710,"Bain (1942)",259
710,"Chidester and others (1951, p. 28-29, plate 1)",283
710,"Veblen and others (1977)",412
710,"Veblen and Burnham (1978a, 1978b)",408
710,"Veblen and Buseck (1979, 1980)",410
711,"Chidester and others (1951, p. 12, plate 1)",283
711,"Chidester and Shride (1962, p. 7)",73
712,"Perry (1929)",376
713,"Perry (1929, p. 39-40)",376
714,"Gillson (1927, p. 259-263)",318
714,"Bain (1942, p. 257)",259
714,"Chidester and others (1951, p. 11)",283
715,"Gillson (1927, p. 262-266)",318
715,"Bain (1942, p. 257)",259
715,"Chidester and others (1951, p. 26-27)",283
716,"Gillson (1927, p. 268-271)",318
716,"Bain (1942)",259
716,"Anonymous (1944)",257
716,"Chidester (1962)",281
717,"Gillson (1927, p. 271-274)",318
717,"Chidester (1962)",281
718,"Chidester and others (1952)",285
718,"Chidester (1962)",281
719,"Kemp (1901)",337
719,"Marsters (1904, 1905)",349
719,"Richardson (1910)",388
719,"Keith and Bain (1932)",336
719,"Cady and others (1963)",276
719,"Murphy and Lacroix (1969)",362
719,"Chidester and others (1978)",282
719,"Van Baalen and others (1999)",405
720,"Kemp (1901)",337
720,"Marsters (1904, 1905)",349
720,"Richardson (1910)",388
720,"Diller (1911, p. 509-511)",207
720,"Keith and Bain (1932)",336
720,"Bain (1942)",259
720,"Bowles (1955, p. 22-23)",5
720,"Cady and others (1963)",276
720,"Murphy and Lacroix (1969)",362
720,"Chidester and others (1978)",282
720,"Conrad and Vanecek (1995, p. 101)",287
720,"Hadden (1996)",321
720,"Van Baalen and others (1999)",405
721,"Kemp (1901)",337
721,"Marsters (1904, 1905)",349
721,"Richardson (1910)",388
721,"Diller (1911, p. 509-511)",207
721,"Keith and Bain (1932)",336
721,"Bain (1942)",259
721,"Bowles (1955, p. 22-23)",5
721,"Burmeister and Matthews (1962)",275
721,"Cady and others (1963)",276
721,"Murphy and Lacroix (1969)",362
721,"Chidester and others (1978)",282
721,"Conrad and Vanecek (1995, p. 101)",287
721,"Hadden (1996)",321
721,"Van Baalen and others (1999)",405
722,"Kemp (1901)",337
722,"Marsters (1904, 1905)",349
722,"Richardson (1910)",388
722,"Diller (1911, p. 509-511)",207
722,"Keith and Bain (1932)",336
722,"Bain (1942)",259
722,"Bowles (1955, p. 22-23)",5
722,"Burmeister and Matthews (1962)",275
722,"Cady and others (1963)",276
722,"Murphy and Lacroix (1969)",362
722,"Chidester and others (1978)",282
722,"Conrad and Vanecek (1995, p. 101)",287
722,"Hadden (1996)",321
722,"Van Baalen and others (1999)",405
723,"Kemp (1901)",337
723,"Marsters (1904, 1905)",349
723,"Richardson (1910)",388
723,"Diller (1911, p. 509-511)",207
723,"Keith and Bain (1932)",336
723,"Bain (1942)",259
723,"Frondel (1946)",308
723,"Bowles (1955, p. 22-23)",5
723,"Burmeister and Matthews (1962)",275
723,"Cady and others (1963)",276
723,"Murphy and Lacroix (1969)",362
723,"Anonymous (1970, p. 22)",258
723,"Chidester and others (1978)",282
723,"Conrad and Vanecek (1995, p. 101)",287
723,"Hadden (1996)",321
723,"Van Baalen and others (1999)",405
724,"Cady and others (1963, p. 68, plate 1)",276
724,"Murphy and Lacroix (1969)",362
725,"Kemp (1901)",337
725,"Marsters (1904)",349
725,"Richardson (1910)",388
725,"Diller (1911, p. 508-509)",207
725,"Keith and Bain (1932)",336
725,"Bowles (1955, p. 23)",5
725,"Cady and others (1963, p. 68, plate 1)",276
725,"Murphy and Lacroix (1969)",362
726,"Kemp (1901)",337
726,"Marsters (1904)",349
726,"Richardson (1910)",388
726,"Diller (1911, p. 508-509)",207
726,"Keith and Bain (1932)",336
726,"Bowles (1955, p. 23)",5
726,"Cady and others (1963, p. 68, plate 1)",276
726,"Murphy and Lacroix (1969)",362
727,"Kemp (1901)",337
727,"Marsters (1904)",349
727,"Richardson (1910)",388
727,"Diller (1911, p. 508-509)",207
727,"Keith and Bain (1932)",336
727,"Cady and others (1963, p. 68, plate 1)",276
727,"Murphy and Lacroix (1969)",362
728,"Cady and others (1963, p. 43, 68, plate 1)",276
728,"Bowles (1955, p. 23)",5
729,"Pearre and Calkins (1957)",373
729,"Chidester and Shride (1962)",73
729,"Cady and others (1963)",276
730,"Kemp (1901)",337
730,"Marsters (1904)",349
730,"Richardson (1910)",388
730,"Diller (1911, p. 508-509)",207
730,"Keith and Bain (1932)",336
730,"Cady and others (1963, p. 68, plate 1)",276
730,"Murphy and Lacroix (1969)",362
731,"Parker and Sharp (1970, p. 10)",511
731,"Armbrustmacher (1984)",427
731,"Van Gosen and others (2005)",538
732,"Heinrich and Dahlem (1967)",469
732,"Taylor and others (1975)",533
733,"Lindgren (1908, p. 7-12)",484
733,"Nesbitt (1966)",501
733,"Heinrich (1981, p. 93-99)",468
733,"Sheridan and Raymond (1984)",523
734,"Wahlstrom (1934)",539
734,"Wahlstrom (1940)",540
734,"Lovering and Goddard (1950)",488
734,"and an unpublished study by B.S. Van Gosen",
735,"McCallum and Eggler (1971)",490
736,"Goldstein (1946)",459
736,"Argall (1949)",428
736,"Bush (1951)",444
736,"Steven (1960, p. 387-391)",529
736,"Neubert and Dersch (1994)",502
736,"an unpublished study by B.S. Van Gosen",
737,"Hamilton (1963, p. 63)",461
738,"Anderson (1930, p. 49-50)",424
738,"Mitchell and others (1981a, map location no. 314)",497
738,"Myers (1982, p. 34)",499
738,"Idaho Geological Survey (2007, database entry identifier EC 452)",475
739,"Diller (1911, p. 519-520)",207
739,"Anderson (1930, p. 45-48)",424
739,"Anderson (1931)",425
739,"Bowles (1937, p. 27-28)",441
739,"Bowles (1955, p. 26-27)",5
739,"Mitchell and others (1981b, map location no. 97)",498
739,"Idaho Geological Survey (2007, database entry identifier HM 216)",475
740,"Anderson (1930, p. 49)",424
740,"Kopp (1959)",482
740,"Hustedde and others (1981, map location no. 122)",474
740,"Idaho Geological Survey (2007, database entry identifier PL 175)",475
741,"Hustedde and others (1981, map location no. 109)",474
741,"Idaho Geological Survey (2007, database entry identifier PL 159)",475
742,"Anderson (1930, p. 48-49)",424
742,"Idaho Geological Survey (2007, database entry identifier PL 158)",475
743,"Shannon (1921)",521
743,"Fryklund (1964, p. 22-23)",457
744,"Bowles (1937, p. 23)",441
744,"Bowles (1955, p. 22)",5
744,"Perry (1948, p. 39-40)",514
744,"Sahinen and Crowley (1959, p. 4)",518
745,"Sahinen and Crowley (1959, p. 4)",518
745,"Geach (1972, p. 164)",458
746,"Sinkler (1942, p. 137)",527
746,"Heinrich and Rabbitt (1960, p. 38)",471
746,"Tysdal (1988)",536
746,"Hammarstrom and others (1999)",462
747,"James (1946)",476
747,"Simons and others (1979, p. 100-111)",524
747,"Loferski (1986)",486
748,"Sinkler (1942)",527
748,"Heinrich and Rabbitt (1960, p. 33)",471
748,"Heinrich (1963)",467
748,"Okuma (1971)",504
748,"Desmarais (1978, 1981)",448
748,"James (1990)",477
748,"Hammarstrom and others (1999)",462
749,"Heinrich and Rabbitt (1960, p. 33)",471
749,"Loen and Pearson (1989, site no. 574)",485
750,"Heinrich and Rabbitt (1960, p. 33)",471
750,"Loen and Pearson (1989, site no. 575)",485
751,"U.S. Geological Survey (2007, Deposit ID number 10293857)",249
752,"Stotelmeyer and others (1983, p. 173-176)",530
753,"Becraft and others (1966, p. 36)",433
754,"Becraft and others (1966, p. 11-14, 31-36)",433
755,"Bowles (1937, p. 28)",441
755,"Bowles (1955, p. 27)",5
755,"Perry (1948, p. 36-39)",514
755,"Reed (1951, p. 10-11)",515
755,"Sahinen and Crowley (1959, p. 4)",518
755,"McMannis and Chadwick (1964, p. 38, 40-42)",495
755,"Hauptman (1971)",464
755,"Simons and others (1983)",525
756,"McMannis and Chadwick (1964, p. 43)",495
757,"Roberts (1964)",516
758,"Winchell (1914, p. 142)",542
758,"Fritzsche (1935)",456
758,"Sahinen (1939, p. 50)",517
758,"Loen and Pearson (1989, site no. 680)",485
759,"Pardee and Larsen (1929)",510
759,"Bowles and Stoddard (1930, p. 101)",443
759,"Perry (1948, p. 40-41)",514
759,"Bassett (1959)",430
759,"Sahinen and Crowley (1959, p. 4)",518
759,"Boettcher (1967)",440
759,"Wylie and Verkouteren (2000)",543
759,"Meeker and others (2003)",496
759,"Peipins and others (2003)",513
759,"Sullivan (2007)",531
760,"Johns (1959, p. 40)",478
760,"Johns (1961, p. 38)",479
761,"Johns (1959, p. 39-40)",478
761,"Johns (1961, p. 37)",479
762,"Lasky (1947, p. 93)",483
762,"Northrop (1959, p. 99)",503
763,"Dunham (1935, p. 238-239)",453
763,"Northrop (1959, p. 99, 460)",503
764,"Talmage and Wootton (1937, p. 138-140)",532
764,"Hewitt (1959, p. 108)",473
764,"Northrop (1959, p. 460)",503
764,"McLemore and others (1996, p. 209)",493
764,"McLemore and others (2000)",494
765,"Blake (1895, p. 192-193)",438
765,"Schmitt (1935)",520
765,"Talmage and Wootton (1937, p. 48)",532
765,"Kelley (1949, p. 94-98)",480
765,"Northrop (1959, p. 98, 99, 460, 518)",503
765,"Hernon and others (1964)",472
766,"Kelley (1949, p. 213-223)",480
766,"Northrop (1959, p. 99)",503
767,"Fields (1963)",455
767,"Harris (2002)",463
768,"Hausel (1994, p. 26)",465
768,"Harris (2002)",463
769,"Spencer (1916, p. 18-19)",528
769,"Diller (1920, p. 201)",451
769,"Beckwith (1939, p. 816-821)",432
769,"Bowles (1955, p. 24)",5
769,"Osterwald and others (1959, p. 7)",508
769,"Harris (2002)",463
770,"Beckwith (1939, p. 821-822)",432
770,"Bowles (1955, p. 24)",5
770,"Osterwald and others (1959, p. 7)",508
770,"Harris (2002)",463
771,"Beeler (1910)",434
771,"Diller (1911, p. 512-516)",207
771,"Bowles (1937, p. 25)",441
771,"Bowles (1955, p. 24)",5
771,"Beckwith (1939, p. 832-834)",432
771,"Osterwald and others (1959, p. 8)",508
771,"Harris (2002)",463
772,"Beckwith (1939, p. 834-835)",432
772,"Harris (2002)",463
773,"Beckwith (1939, p. 836)",432
773,"Osterwald and others (1959, p. 7)",508
774,"Hagner (1944, p. 27-28)",460
774,"Harris (2002, p. 5)",463
774,"Van Gosen and others (2005, p. 4-7)",538
775,"Barrow (1910)",429
775,"Beeler (1910, 1911a, 1911b)",434
775,"Diller (1911, p. 512-516)",207
775,"Bowles (1937, p. 25)",441
775,"Bowles (1955, p. 24)",5
775,"Beckwith (1939, p. 822-829)",432
775,"Osterwald and others (1959, p. 8)",508
775,"Harris (2002)",463
776,"Love (1934, p. 4-5)",487
776,"Osterwald and others (1959, p. 8)",508
776,"Harris (2002)",463
777,"Sampson (1923, p. 317)",238
777,"Beckwith (1939, p. 814-815)",432
777,"Bowles (1955, p. 24)",5
777,"Osterwald and others (1959, p. 8)",508
778,"Beckwith (1939, p. 837)",432
778,"Osterwald and others (1959, p. 9)",508
779,"Miser and Ross (1922, 1923a, 1923b)",588
779,"Faust and Fahey (1962, p. 10)",95
779,"Gogineni and others (1978)",574
779,"Waldman and others (1987)",611
779,"Kidwell (1990)",581
779,"Dunn (2002)",568
780,"Miser and Ross (1923b)",590
781,"Wagner (1954)",610
781,"Cullers and others (1985)",563
782,"Moore and Haynes (1920)",591
782,"Bridge (1953)",554
782,"Byrne and others (1956)",556
782,"Eastwood and Brookins (1965)",569
783,"Bridge (1953)",554
783,"Eastwood and Brookins (1965)",569
783,"Rosa (1966)",604
783,"Rosa and Brookins (1966)",605
784,"Conrad (1952)",561
784,"Heinrich (1962)",579
784,"Heinrich (1976, p. 83)",580
785,"Rominger (1881, p. 95-98)",603
785,"Heinrich (1976, p. 35)",580
786,"Snelgrove and others (1944, p. 54)",609
786,"Broderick (1945)",555
786,"Heinrich (1976, p. 83)",580
787,"Rominger (1881, p. 135-136)",603
787,"Creveling (1926)",562
787,"Gair and Thaden (1968, p. 56-57)",573
787,"Heinrich (1976, p. 83)",580
788,"Bailey and Tyler (1960, p. 153, 172)",546
788,"Heinrich (1976, p. 86-87)",580
789,"White (1954, p. 64-66)",612
790,"Dake (1930, p. 222-223)",564
791,"Allen and Fahey (1952, 1956)",544
791,"Murphy and Ohle (1968)",593
791,"Kisvarsanyi (1966)",582
791,"Kisvarsanyi and Proctor (1967)",584
791,"Kisvarsanyi and Kisvarsanyi (1989)",583
792,"Ziegler (1914, p. 153-154)",615
792,"Connolly and O'Harra (1929, p. 340)",560
792,"Roberts and Rapp (1965, p. 14)",600
792,"DeWitt and others (1988a)",565
793,"Ziegler (1914, p. 153)",615
793,"Connolly and O'Harra (1929, p. 340)",560
793,"Roberts and Rapp (1965, p. 14)",600
794,"Sharwood (1911, p. 746)",606
794,"Ziegler (1914, p. 153-154)",615
794,"Noble (1950)",594
794,"Roberts and Rapp (1965, p. 12, 14)",600
794,"McCarthy (1976)",587
794,"Paterson and Lisenbee (1990)",597
794,"Caddey and others (1991)",557
795,"Rohrbacher (1973)",602
795,"Bourbon (1981, 1982)",551
795,"Price and others (1983, p. 64)",598
795,"Edwards (1984)",570
795,"Kyle and Clark (1990)",585
796,"Rohrbacher (1973)",602
796,"Bourbon (1981, 1982)",551
796,"Price and others (1983, p. 61)",598
796,"Edwards (1984)",570
796,"Kyle and Clark (1990)",585
797,"Rohrbacher (1973)",602
797,"Bourbon (1981, 1982)",551
797,"Price and others (1983, p. 66)",598
797,"Edwards (1984)",570
797,"Kyle and Clark (1990)",585
798,"Rohrbacher (1973)",602
798,"Wylie and Huggins (1980)",614
798,"Bourbon (1981, 1982)",551
798,"Price and others (1983, p. 62)",598
798,"Edwards (1984)",570
798,"Kyle and Clark (1990)",585
799,"Rohrbacher (1973)",602
799,"Wylie and Huggins (1980)",614
799,"Bourbon (1981, 1982)",551
799,"Price and others (1983, p. 62)",598
799,"Edwards (1984)",570
799,"Kyle and Clark (1990)",585
800,"Barnes and others (1942, p. 109)",549
800,"Barnes (1943, p. 76)",547
800,"Barnes (1952)",548
800,"Dietrich and Lonsdale (1958, p. 13-14)",567
801,"Paige (1912, p. 14)",596
801,"Barnes (1943, p. 81-83)",547
801,"Dietrich and Lonsdale (1958, p. 14)",567
801,"Clabaugh and Barnes (1959, p. 19-23)",559
801,"Rogers (1961)",601
802,"Barnes and others (1942, p. 111)",549
802,"Barnes (1943, p. 84-86)",547
802,"Dietrich and Lonsdale (1958, p. 14)",567
803,"Bowles (1955, p. 23-24)",5
804,"Bayley and others (1966, p. 70)",550
1001,"Ferns and Ramp (1988, p. 36)",10
1002,"Ferns and Ramp (1988, p. 33, 35)",10
1003,"Cox (1968)",7
1004,"Boggs (1984)",4
1004,"Becker (1991)",3
1005,"Glover (1936, p. 14)",12
1005,"Bowles (1955, p. 28)",5
1005,"Valentine (1960, p. 7)",25
1006,"Valentine (1960, p. 8)",25
1007,"Valentine (1960, p. 8)",25
1008,"Pohl and others (1982)",157
1009,"MacDonald (1941)",131
1009,"Pabst (1942)",151
1010,"Chesterman (1942)",68
1011,"Short (1933)",166
1011,"Keskinen (1981, p. 910)",110
1012,"Pelletier (1962, p. 5)",155
1013,"Chesterman (1966)",69
1014,"Crippen (1976)",85
1015,"Crippen (1976)",85
1016,"Harder (1912)",105
1016,"Hadley (1945)",103
1016,"Dubois and Brummett (1968)",92
1017,"Cooney (1956)",80
1017,"DeVito and Ordway (1984)",91
1018,"Laurs and others (1997)",115
1019,"Merriam and Laudermilk (1936)",137
1020,"Creasey (1946)",84
1021,"Gross and others (1967)",102
1022,"Leo (1967, p. 34, 40)",117
1023,"Albino (1995)",29
1024,"Wright (1957)",188
1024,"Wright (1968, p. 36-37)",189
1024,"Evans and others (1976, p. 40, 43, 45)",94
1024,"Van Gosen and others (2004a, 2004b)",177
1025,"Wright (1957)",188
1025,"Wright (1968, p. 40-43)",189
1025,"Norman and Stewart (1951, p. 123-124)",143
1025,"Evans and others (1976, p. 45)",94
1025,"Van Gosen and others (2004a, 2004b)",177
1026,"Wright (1968, p. 73)",189
1026,"Van Gosen and others (2004a, 2004b)",177
1027,"Wright (1957)",188
1027,"Wright (1968, p. 60-61)",189
1027,"Norman and Stewart (1951, p. 125-126)",143
1027,"Evans and others (1976, p. 43)",94
1027,"Van Gosen and others (2004a, 2004b)",177
1028,"Wright (1957)",188
1028,"Wright (1968, p. 48-52)",189
1028,"Norman and Stewart (1951, p. 126-127)",143
1028,"Franklin (1965)",99
1028,"Papke (1975)",154
1028,"Evans and others (1976, p. 38-43)",94
1028,"Van Gosen and others (2004a, 2004b, 2004c)",177
1029,"Wright (1957)",188
1029,"Wright (1968, p. 62-63)",189
1029,"Evans and others (1976, p. 41)",94
1029,"Van Gosen and others (2004a, 2004b)",177
1030,"Wright (1968, p. 34-35)",189
1030,"Van Gosen and others (2004a, 2004b)",177
1031,"Wright (1957)",188
1031,"Wright (1968, p. 61-62)",189
1031,"Norman and Stewart (1951, p. 126)",143
1031,"Evans and others (1976, p. 45-46)",94
1031,"Van Gosen and others (2004a, 2004b)",177
1032,"Wright (1968, 56-57)",189
1032,"Norman and Stewart (1951, p. 125)",143
1032,"Van Gosen and others (2004a, 2004b)",177
1033,"Wright (1957)",188
1033,"Wright (1968, p. 44-46)",189
1033,"Norman and Stewart (1951, p. 124-125)",143
1033,"Van Gosen and others (2004a, 2004b)",177
1034,"Wright (1968, p. 40)",189
1034,"Van Gosen and others (2004a, 2004b)",177
1035,"Wright (1957)",188
1035,"Wright (1968, p. 35)",189
1035,"Van Gosen and others (2004a, 2004b)",177
1036,"Wright (1957)",188
1036,"Wright (1968, p. 55)",189
1036,"Van Gosen and others (2004a, 2004b)",177
1037,"Wright (1957)",188
1037,"Wright (1968, p. 56)",189
1037,"Van Gosen and others (2004a, 2004b)",177
1038,"Wright (1957)",188
1038,"Wright (1968, p. 43-44)",189
1038,"Norman and Stewart (1951, p. 124)",143
1038,"Van Gosen and others (2004a, 2004b)",177
1039,"Wright (1957)",188
1039,"Wright (1968, p. 35-36)",189
1039,"Van Gosen and others (2004a, 2004b)",177
1040,"Wright (1957)",188
1040,"Wright (1968, p. 73-74)",189
1040,"Wright and others (1953, p. 198-199)",190
1040,"Van Gosen and others (2004a, 2004b)",177
1041,"Wright (1957)",188
1041,"Wright (1968, p. 40)",189
1041,"Wright and others (1953, p. 202-203)",190
1041,"Van Gosen and others (2004a, 2004b)",177
1042,"Wright (1968, p. 61)",189
1042,"Van Gosen and others (2004a, 2004b)",177
1043,"Wright (1957)",188
1043,"Wright (1968, p. 68-70)",189
1043,"Wright and others (1953, p. 211, 213)",190
1043,"Van Gosen and others (2004a, 2004b)",177
1044,"Wright (1957)",188
1044,"Wright (1968, p. 74)",189
1044,"Wright and others (1953, p. 199-200)",190
1044,"Van Gosen and others (2004a, 2004b)",177
1045,"Wright (1957)",188
1045,"Wright (1968, p. 74-78)",189
1045,"Wright and others (1953, p. 213-215)",190
1045,"Van Gosen and others (2004a, 2004b)",177
1046,"Wright (1957)",188
1046,"Wright (1968, p. 33-34)",189
1046,"Wright and others (1953, p. 200)",190
1046,"Van Gosen and others (2004a, 2004b)",177
1047,"Wright (1957)",188
1047,"Wright (1968, p. 63-65)",189
1047,"Wright and others (1953, p. 206-207)",190
1047,"Van Gosen and others (2004a, 2004b)",177
1048,"Wright (1957)",188
1048,"Wright (1968, p. 52-55)",189
1048,"Wright and others (1953, p. 204)",190
1048,"Evans and others (1976, p. 45)",94
1048,"Van Gosen and others (2004a, 2004b, 2004c)",177
1049,"Wright (1957)",188
1049,"Wright (1968, p. 57-60)",189
1049,"Wright and others (1953, p. 205)",190
1049,"Evans and others (1976, p. 45)",94
1049,"Van Gosen and others (2004a, 2004b)",177
1050,"Wright (1957)",188
1050,"Wright (1968, p. 47-48)",189
1050,"Wright and others (1953, p. 203)",190
1050,"Van Gosen and others (2004a, 2004b)",177
1051,"Wright (1957)",188
1051,"Wright (1968, p. 57-60)",189
1051,"Wright and others (1953, p. 205-206)",190
1051,"Evans and others (1976, p. 45)",94
1051,"Van Gosen and others (2004a, 2004b, 2004c)",177
1052,"Wright (1957)",188
1052,"Wright (1968, p. 70)",189
1052,"Wright and others (1953, p. 204-205)",190
1052,"Van Gosen and others (2004a, 2004b)",177
1053,"Wright (1957)",188
1053,"Wright (1968, p. 55-56)",189
1053,"Van Gosen and others (2004a, 2004b)",177
1054,"Wright (1957)",188
1054,"Wright (1968, p. 31-33)",189
1054,"Wright and others (1953, p. 199)",190
1054,"Van Gosen and others (2004a, 2004b)",177
1055,"Wright (1957)",188
1055,"Wright (1968, p. 37-38)",189
1055,"Wright and others (1953, p. 201)",190
1055,"Van Gosen and others (2004a, 2004b)",177
1056,"Wright (1957)",188
1056,"Wright (1968, p. 63)",189
1056,"Wright and others (1953, p. 206)",190
1056,"Van Gosen and others (2004a, 2004b)",177
1057,"Wright (1952)",186
1057,"Wright (1957)",188
1057,"Wright (1968, p. 70-73)",189
1057,"Wright and others (1953, p. 209-211)",190
1057,"Van Gosen and others (2004a, 2004b)",177
1058,"Wright (1968, p. 55)",189
1058,"Van Gosen and others (2004a, 2004b)",177
1059,"Wright (1952)",186
1059,"Wright (1957)",188
1059,"Wright (1968, p. 78)",189
1059,"Wright and others (1953, p. 215-216)",190
1059,"Van Gosen and others (2004a, 2004b)",177
1060,"Wright (1957)",188
1060,"Wright (1968, p. 65-67)",189
1060,"Wright and others (1953, p. 207)",190
1060,"Evans and others (1976, p. 41, 45)",94
1060,"Van Gosen and others (2004a, 2004b)",177
1061,"Wright (1957)",188
1061,"Wright (1968, p. 39)",189
1061,"Van Gosen and others (2004a, 2004b)",177
1062,"Wright (1968, p. 63)",189
1062,"Van Gosen and others (2004a, 2004b)",177
1063,"Wright (1957)",188
1063,"Wright (1968, p. 67-68)",189
1063,"Wright and others (1953, p. 207-208)",190
1063,"Van Gosen and others (2004a, 2004b)",177
1064,"Wright (1957)",188
1064,"Wright (1968, p. 34)",189
1064,"Wright and others (1953, p. 200-201)",190
1064,"Van Gosen and others (2004a, 2004b)",177
1065,"Wright (1957)",188
1065,"Wright (1968, p. 36)",189
1065,"Wright and others (1953, p. 201)",190
1065,"Van Gosen and others (2004a, 2004b)",177
1066,"Wright (1957)",188
1066,"Wright (1968, p. 39-40)",189
1066,"Wright and others (1953, p. 202)",190
1066,"Van Gosen and others (2004a, 2004b)",177
1067,"Tucker and Sampson (1943, p. 548-549)",173
1067,"Wicks (1930)",180
1067,"Wright (1950, p. 278-279)",185
1067,"Wright (1954)",187
1067,"Wright and others (1953, p. 198, 208-209)",190
1067,"Wright (1954, p. 4, 23)",187
1067,"Van Gosen and others (2004a)",177
1068,"Tucker and Sampson (1943, p. 548-549)",173
1068,"Wicks (1930)",180
1068,"Wright (1950, p. 278-279)",185
1068,"Wright (1954)",187
1068,"Wright and others (1953, p. 198, 208-209)",190
1068,"Wright (1954, p. 4-6, 19)",187
1068,"Van Gosen and others (2004a)",177
1069,"Tucker and Sampson (1943, p. 548-549)",173
1069,"Wicks (1930)",180
1069,"Wright (1950, p. 278-279)",185
1069,"Wright (1954)",187
1069,"Wright and others (1953, p. 198, 208-209)",190
1069,"Wright (1954, p. 4-6, 19-20)",187
1069,"Van Gosen and others (2004a)",177
1070,"Tucker and Sampson (1943, p. 548-549)",173
1070,"Wicks (1930)",180
1070,"Wright (1950, p. 278-279)",185
1070,"Wright (1954)",187
1070,"Wright and others (1953, p. 198, 208-209)",190
1070,"Wright (1954, p. 4-5, 20)",187
1070,"Van Gosen and others (2004a)",177
1071,"Tucker and Sampson (1943, p. 548-549)",173
1071,"Wicks (1930)",180
1071,"Wright (1950, p. 278-279)",185
1071,"Wright (1954)",187
1071,"Wright and others (1953, p. 198, 208-209)",190
1071,"Wright (1954, p. 4, 6, 21-22)",187
1071,"Van Gosen and others (2004a)",177
1072,"Tucker and Sampson (1943, p. 548-549)",173
1072,"Wicks (1930)",180
1072,"Wright (1950, p. 278-279)",185
1072,"Wright (1954)",187
1072,"Wright and others (1953, p. 198, 208-209)",190
1072,"Wright (1954, p. 4, 20-21)",187
1072,"Van Gosen and others (2004a)",177
1073,"Tucker and Sampson (1943, p. 548-549)",173
1073,"Wicks (1930)",180
1073,"Wright (1950, p. 278-279)",185
1073,"Wright (1954)",187
1073,"Wright and others (1953, p. 198, 208-209)",190
1073,"Wright (1954, p. 4, 21)",187
1073,"Van Gosen and others (2004a)",177
1074,"Wright and others (1953, p. 216)",190
1074,"Van Gosen and others (2004a)",177
1075,"Tucker and Sampson (1943, p. 548-549)",173
1075,"Wicks (1930)",180
1075,"Wright (1950, p. 278-279)",185
1075,"Wright (1954)",187
1075,"Wright and others (1953, p. 198, 208-209)",190
1075,"Wright (1954, p. 4-6, p. 22-23)",187
1075,"Van Gosen and others (2004a)",177
1076,"Wright and others (1953, p. 216)",190
1076,"Van Gosen and others (2004a)",177
1077,"Wright and others (1953, p. 203-204)",190
1077,"Van Gosen and others (2004a)",177
1078,"Wright and others (1953, p. 202)",190
1078,"Van Gosen and others (2004a)",177
1079,"Lindgren (1926, p. 139-140)",221
1079,"Galbraith (1947, p. 82)",211
1079,"Anderson and Blacet (1972, p. 73-74)",193
1080,"Ransome (1903, p. 134-148)",234
1080,"Galbraith (1947, p. 82)",211
1080,"Peterson (1962, p. 116-118)",232
1081,"Moolick and Durek (1966)",224
1082,"Galbraith (1947, p. 82)",211
1083,"Butler and others (1938, p. 60)",201
1084,"Evans (1974)",208
1084,"Anonymous (1989)",195
1084,"Smith and Sharon (1994)",239
1084,"Castor and Ferdock (2004, p. 128, 440)",202
1085,"Castor and Ferdock (2004, p. 128)",202
1086,"Castor and Ferdock (2004, p. 440)",202
1087,"McKnight (1974, p. 68)",491
1088,"Olson and Wallace (1956)",507
1088,"Temple and Grogan (1965)",534
1088,"Nash (1972)",500
1088,"Olson (1974)",505
1088,"Hedlund and Olson (1975)",466
1088,"Armbrustmacher (1980)",426
1088,"Olson and Hedlund (1981)",506
1088,"White-Pinilla (1996)",541
1088,"Cappa (1998)",445
1088,"Shaver and Lunceford (1998)",522
1088,"Lowers (2005)",489
1088,"Van Gosen and others (2005)",538
1089,"Behre and others (1936)",437
1090,"Eckel (1997, p. 188, 497)",454
1091,"Sims and others (1958, p. 180-183)",526
1092,"Tullis (1944, p. 150-153)",535
1092,"Van Gosen and others (2005, p. 4-5)",538
1093,"Crowley (1960)",447
1093,"Heinrich and Levinson (1961)",470
1094,"McLemore and others (1996, p. 142-144 )",493
1094,"V.T. McLemore, New Mexico Bureau of Mines and Geology, written communication, 2007",
1095,"Dunbar and McLemore (2000)",452
1095,"V.T. McLemore, New Mexico Bureau of Mines and Geology, written communication, 2007",
1096,"Beane and others (1975)",431
1096,"Bloom (1975)",439
1096,"Kelley (1949, p. 183-186, Plates 2, 3, 9, and 10)",480
1096,"V.T. McLemore, New Mexico Bureau of Mines and Geology, written communication, 2007",
1097,"Cargo (1959)",446
1097,"V.T. McLemore, New Mexico Bureau of Mines and Geology, written communication, 2007",
1098,"Paige (1911)",509
1098,"McKnight and Fellows (1978)",492
1098,"V.T. McLemore, New Mexico Bureau of Mines and Geology, written communication, 2007",
1099,"Patton (1940)",512
1099,"Kelley (1952)",481
1100,"Bayley and others (1966, p. 65-69, plates 1-3)",550
1101,"Sliter (1970)",608
1101,"Heinrich (1976, p. 185)",580
1102,"Gair and Thaden (1968, p. 13)",573
1103,"Williams (1963, p. 614)",613
1103,"Heinrich (1976, p. 207)",580
1104,"White (1954)",612
1104,"Gunderson and Schwartz (1962)",577
1104,"French (1968)",572
1104,"Morey and others (1972)",592
1104,"Carter (1974)",558
1104,"Great Lakes Research Advisory Board (1975)",576
1105,"Grawe (1943, p. 20-21, 26-29)",575
1106,"Sides (1981)",607
1106,"Lowell and Noll (2001)",586
1107,"Ziegler (1914, p. 154)",615
1107,"Roberts and Rapp (1965, p. 14)",600
1107,"Ratte (1980)",599
1108,"Hamilton (1935, p. 9, 12)",578
1108,"Roberts and Rapp (1965, p. 12)",600
1108,"Norton (1976)",595
1108,"DeWitt and others (1988b)",566
1109,"Hamilton (1935, p. 9, 12)",578
1109,"Roberts and Rapp (1965, p. 12)",600
1109,"Norton (1976)",595
1109,"DeWitt and others (1988b)",566
